feature,importance
distance_km,0.28693695398304353
weather_condition,0.2709485677806303
order_hour,0.24410972418195986
restaurant_rating,0.09663425140424707
items_count,0.06046069346105101
day_of_week,0.04090980918906828
